{
    "loss": 0.32924169301986694,
    "accuracy": 0.9051724076271057
}